{
  "postgres_connection_string": "host=103.82.20.59 port=5432 user=advancedwebuser dbname=advancedwebdb password=@dv@nc3Dw3bU$eR sslmode=require",
  "worker_quantity": 5,
  "postgres_log_mode": false,
  "debug_api": false,
  "app_name": "hcmus_web_2",
  "organization_name": "LNT",
  "fe_domain": "https://site.api-lnt.xyz",
  "api_domain": "https://advanced-web-project.api-lnt.xyz",
  "media_dir": "/public",
  "portal_port": 8001,
  "jobs_port": 8003,
  "api_port": 8002,
  "smtp": {
    "host": "smtp.gmail.com",
    "port": 587,
    "username": "noreplyadvancedweb@gmail.com",
    "password": "dpzjjknqgberizte",
    "from_email": "noreplyadvancedweb@gmail.com",
    "from_name": "My Classroom"
  }
}
